{"cameraMode":{"drawMode":0,"name":"Shaded","section":"Shading Mode"},"sceneLighting":true,"audioPlay":false,"sceneViewState":{"m_AlwaysRefresh":false,"showFog":true,"showSkybox":true,"showFlares":true,"showImageEffects":true,"showParticleSystems":true,"showVisualEffectGraphs":true,"m_FxEnabled":true},"in2DMode":false,"pivot":{"x":328.46234130859377,"y":1061.6678466796875,"z":14.6107177734375},"rotation":{"x":0.009306035935878754,"y":0.029990697279572488,"z":-0.0002738018811214715,"w":0.9995251297950745},"size":367.2507629394531,"orthographic":false}