{"cameraMode":{"drawMode":0,"name":"Shaded","section":"Shading Mode"},"sceneLighting":false,"audioPlay":false,"sceneViewState":{"m_AlwaysRefresh":false,"showFog":true,"showSkybox":false,"showFlares":true,"showImageEffects":true,"showParticleSystems":true,"showVisualEffectGraphs":true,"m_FxEnabled":true},"in2DMode":false,"pivot":{"x":1.965000033378601,"y":1.1649999618530274,"z":-0.059000007808208469},"rotation":{"x":0.07167614251375199,"y":0.12533725798130036,"z":-0.00907418504357338,"w":0.9894977807998657},"size":0.6109973192214966,"orthographic":false}