{"cameraMode":{"drawMode":0,"name":"Shaded","section":"Shading Mode"},"sceneLighting":false,"audioPlay":false,"sceneViewState":{"m_AlwaysRefresh":false,"showFog":true,"showSkybox":false,"showFlares":true,"showImageEffects":true,"showParticleSystems":true,"showVisualEffectGraphs":true,"m_FxEnabled":true},"in2DMode":false,"pivot":{"x":0.11400002241134644,"y":-0.24998483061790467,"z":-0.008215546607971192},"rotation":{"x":0.0650409609079361,"y":0.6635960936546326,"z":-0.05808296054601669,"w":0.7430157661437988},"size":1.248225212097168,"orthographic":false}